Radius_mm,TwoTheta_deg,Intensity_Raw,Intensity_Normalized_Percent
0.0,0.0,238.0,98.86684366127587
0.04178917034988999,0.05985849014934816,238.5,99.07454711434578
0.08357834069977998,0.11971645763997152,238.625,99.12647297761326
0.12536751104966998,0.17957337984052654,239.1,99.32379125802967
0.16715668139955997,0.2394287341744287,236.625,98.29565916533363
0.20894585174944996,0.29928199814722295,237.85,98.8045326253549
0.25073502209933995,0.3591326493739433,234.55555555555554,97.43599765123872
0.29252419244922995,0.4189801656064588,238.25,98.97069538781082
0.33431336279911994,0.4788240247608005,238.48214285714286,99.06712913387899
0.37610253314900993,0.5386637049444675,237.57142857142858,98.6888121300731
0.4178917034988999,0.5984986844837085,236.16176470588235,98.10322802498945
0.4596808738487899,0.6583284419507733,237.4375,98.63317727657223
0.5014700441986799,0.7181524561911338,238.1375,98.9239621108701
0.54325921454857,0.7779702063506683,238.57608695652175,99.10615416155207
0.5850483848984599,0.8377811719028057,238.125,98.91876952454335
0.6268375552483498,0.8975848326756298,238.53125,99.08752858016265
0.6686267255982399,0.9573806688789339,238.90625,99.24330616996508
0.7104158959481299,1.0171681611312278,238.05172413793105,98.88833022538655
0.7522050662980199,1.0769467904866905,239.09166666666667,99.32032953381183
0.7939942366479098,1.136716038462067,238.59166666666667,99.11262608074193
0.8357834069977998,1.1964753870635039,237.58064516129033,98.69264076515273
0.8775725773476899,1.256224318813321,238.27777777777777,98.98223446853693
0.9193617476975798,1.3159623167767185,238.375,99.0226212510783
0.9611509180474698,1.3756888645884084,238.47857142857143,99.06564553778564
1.0029400883973598,1.4354034464791794,238.0328947368421,98.88050836213573
1.0447292587472499,1.4951055473023753,237.60714285714286,98.70364809100666
1.08651842909714,1.5547946525603016,237.42613636363637,98.62845674354791
1.1283075994470297,1.614470248430541,238.47560975609755,99.06441523858626
1.1700967697969198,1.6741318217921874,237.30357142857142,98.57754242307135
1.2118859401468098,1.7337788602519837,237.93229166666666,98.83871715200598
1.2536751104966997,1.7934108521703687,235.62234042553192,97.87914745359238
1.2954642808465897,1.8530272866874276,236.4375,98.2177703704324
1.3372534511964798,1.9126276537487388,236.525,98.25411847471965
1.3790426215463698,1.97221144413112,236.66826923076923,98.31363350261853
1.4208317918962599,2.0317781494682663,237.89912280701753,98.82493857863895
1.4626209622461497,2.0913272622762764,237.10096153846155,98.49337687546749
1.5044101325960397,2.1508582759790698,237.51293103448276,98.66451184923363
1.5461993029459298,2.210370684933684,238.71491228070175,99.16382315996356
1.5879884732958196,2.2698639844554536,238.16015625,98.93337367358733
1.6297776436457097,2.3293376708430658,238.43145161290323,99.04607164094104
1.6715668139955997,2.3887912414034935,239.33898305084745,99.42306646780206
1.7133559843454897,2.448224194476797,238.4264705882353,99.04400248889432
1.7551451546953798,2.5076360294607936,239.1931818181818,99.36249962882906
1.7969343250452696,2.5670262468355975,239.13888888888889,99.33994597104622
1.8387234953951597,2.6263943481880183,238.82971014492753,99.21151098557304
1.8805126657450497,2.6857398362358165,239.3308823529412,99.41970138194725
1.9223018360949395,2.745062214851825,239.4391891891892,99.46469278970682
1.9640910064448296,2.8043609890879195,238.8595890410959,99.2239228853892
2.0058801767947196,2.8636356651988346,238.9198717948718,99.24896475762884
2.0476693471446095,2.92288575066584,238.42763157894737,99.04448477245408
2.0894585174944997,2.982110754220257,238.03869047619048,98.88291595228723
2.1312476878443896,3.041310185866814,239.14506172839506,99.34251021120757
2.17303685819428,3.100483556906853,239.04807692307693,99.3022220532878
2.2148260285441697,3.1596303799613614,239.17151162790697,99.35349768213152
2.2566151988940595,3.218750168993853,239.7006172839506,99.5732918257297
2.2984043692439498,3.277842439333073,239.86170212765958,99.64020758228085
2.3401935395938396,3.336906707695531,239.7703488372093,99.6022587945292
2.3819827099437294,3.395942492207875,239.7888888888889,99.6099604600371
2.4237718802936197,3.454949312429077,239.85714285714286,99.63831362982124
2.4655610506435095,3.513926689372448,240.20652173913044,99.7834480302583
2.5073502209933993,3.572874145527479,240.57142857142858,99.93503284849254
2.5491393913432896,3.6317912048814898,240.20876288659792,99.78437901839396
2.5909285616931794,3.6906773929411014,240.06887755102042,99.72626968392738
2.6327177320430697,3.7495322367535246,239.9575,99.68000268004457
2.6745069023929595,3.8083552649276537,239.7963917525773,99.61307720142909
2.7162960727428493,3.8671460076549735,240.08333333333334,99.73227471573382
2.7580852430927396,3.9259039967302787,240.205,99.78281588931416
2.7998744134426294,3.984628765572192,240.20990566037736,99.78485373451409
2.8416635837925197,4.043319849243488,240.10619469026548,99.74177148128716
2.8834527541424095,4.101976784471222,239.82692307692307,99.62576012441592
2.9252419244922994,4.16059910966666,240.21205357142858,99.78574599159855
2.9670310948421896,4.2191863649449965,240.3481308411215,99.84227342919763
3.0088202651920795,4.277738092144882,239.91041666666666,99.6604439382138
3.0506094355419693,4.336253834847738,239.81896551724137,99.62245449916811
3.0923986058918596,4.394733138396863,239.80387931034483,99.61618758463584
3.1341877762417494,4.4531755499163355,239.7689075630252,99.6016600792795
3.175976946591639,4.511580618329703,240.51875,99.91314980611553
3.2177661169415295,4.569947894378461,240.57862903225808,99.9380239696485
3.2595552872914193,4.628276930640308,240.26680672268907,99.80849082876507
3.3013444576413096,4.686567281547213,240.72782258064515,100.0
3.3431336279911994,4.7448185034032235,240.67307692307693,99.977258275765
3.3849227983410892,4.8030301544021,240.266,99.8081557105887
3.4267119686909795,4.8612017946447,239.9962686567164,99.69610744778632
3.4685011390408693,4.919332986156153,239.84920634920636,99.63501674961378
3.5102903093907596,4.977423292902816,240.08955223880596,99.73485809201577
3.5520794797406494,5.0354722808090004,239.9963503649635,99.69614138995645
3.5938686500905392,5.093479517773475,239.14889705882354,99.34410343395488
3.6356578204404295,5.1514445736857475,239.48731884057972,99.48468617928455
3.6774469907903193,5.209367020442111,239.76908396946564,99.60173335973313
3.719236161140209,5.267246431961479,239.40666666666667,99.45118270924588
3.7610253314900994,5.32508238420097,239.2554347826087,99.38835994017965
3.8028145018399893,5.382874455171277,239.52083333333334,99.49860833103018
3.844603672189879,5.440622224951807,239.46206896551723,99.47419720680443
3.8863928425397694,5.498325275705581,238.8904109589041,99.23672652290722
3.928182012889659,5.555983191693908,239.39802631578948,99.44759344782003
3.9699711832395495,5.613595559290818,239.78103448275863,99.60669768548695
4.011760353589439,5.671161966997277,238.965,99.26771132570079
4.0535495239393295,5.728682005455144,238.126582278481,98.91942681395179
4.095338694289219,5.786155267460921,239.05756578947367,99.30616379392045
4.137127864639109,5.843581347979241,238.62577639751552,99.12679549850311
4.1789170349889995,5.900959844156138,238.47203947368422,99.0629321186149
4.220706205338889,5.958290355332067,239.00301204819277,99.28350179303659
4.262495375688779,6.015572483054703,239.33540372670808,99.42157959183525
4.304284546038669,6.072805831091479,238.35576923076923,99.01463265672946
4.34607371638856,6.1299900054419165,238.43005952380952,99.04549335751754
4.387862886738449,6.18712461434968,238.36801242236024,99.01971856306956
4.429652057088339,6.244209268314438,238.22413793103448,98.95995210575549
4.47144122743823,6.30124358010344,238.54613095238096,99.09371023055164
4.513230397788119,6.358227164762879,238.73644578313252,99.17276832558667
4.555019568138009,6.4151596396290245,238.73245614035088,99.17111100042214
4.5968087384878995,6.472040624339086,239.2514534883721,99.38670608305841
4.638597908837789,6.528869740841856,238.79166666666666,99.19570746196989
4.680387079187679,6.585646613408124,238.69,99.15347442651235
4.722176249537569,6.642370868640823,238.88342696629215,99.23382532414378
4.763965419887459,6.699042135484954,238.73924731182797,99.1739320999545
4.805754590237349,6.755660045237282,238.10416666666666,98.91011521399876
4.847543760587239,6.812224231555762,237.87430167597765,98.81462770938678
4.889332930937129,6.868734330468748,237.5570652173913,98.68284549361069
4.931122101287019,6.925189980383974,237.74867021276594,98.76243953194019
4.972911271636909,6.9815908220972585,237.3558201058201,98.59924688443714
5.014700441986799,7.037936498801006,237.01861702127658,98.4591703943461
5.056489612336689,7.094226656092459,236.50815217391303,98.24711977140967
5.098278782686579,7.150460941981711,236.6619170984456,98.31099478298258
5.1400679530364695,7.206639006899475,236.5995145631068,98.2850723388422
5.181857123386359,7.26276050370463,236.14760638297872,98.09734655987592
5.223646293736249,7.318825087691528,235.71905940594058,97.91932518600895
5.265435464086139,7.374832416597051,235.5383597883598,97.84426131692906
5.307224634436029,7.430782150607457,235.68627450980392,97.90570611373668
5.349013804785919,7.486673952364967,235.3992718446602,97.78648322455547
5.390802975135809,7.542507486974132,235.28426395939087,97.73870815475404
5.432592145485699,7.59828242200797,234.90119047619046,97.57957678427356
5.474381315835589,7.653998427513862,234.2648514851485,97.3152371727487
5.516170486185479,7.70965517601921,233.55324074074073,97.01962915503842
5.557959656535369,7.765252342536886,233.7760663507109,97.11219245228483
5.599748826885259,7.8207896045704315,233.755,97.10344134471237
5.641537997235149,7.876266642119032,233.5431818181818,97.0154506091391
5.683327167585039,7.931683137682272,232.83920187793427,96.72301248017638
5.725116337934929,7.98703877626464,232.79357798165137,96.70405999857546
5.766905508284819,8.042333245379844,231.83912037037038,96.30757171523162
5.808694678634709,8.09756623505486,232.01643192488262,96.3812281595144
5.850483848984599,8.152737437833785,231.95504385964912,96.35572713326184
5.892273019334489,8.207846548781456,231.18119266055047,96.03426400083168
5.934062189684379,8.262893265486845,231.40736607142858,96.12821799769566
5.975851360034269,8.31787728806623,230.47222222222223,95.73975278450116
6.017640530384159,8.372798319166158,230.0625,95.56955134379109
6.059429700734049,8.427656063966184,229.45192307692307,95.31591347321535
6.101218871083939,8.482450230181367,229.11013215859032,95.17393116528405
6.143008041433829,8.5371805280646,228.51754385964912,94.92776589340622
6.184797211783719,8.591846670408673,227.92542016806723,94.68179362263412
6.2265863821336085,8.646448372548152,227.3760593220339,94.45358533322906
6.268375552483499,8.700985352361041,227.0,94.29736769373791
6.310164722833389,8.755457330270215,226.23152173913044,93.97813651695438
6.351953893183278,8.80986402924467,226.39446721311475,94.04582519217169
6.393743063533169,8.864205174800533,225.65928270042195,93.74042446831207
6.435532233883059,8.9184804950019,224.903,93.42625941156271
6.477321404232949,8.972689720461426,223.90416666666667,93.0113371468134
6.519110574582839,9.026832584340747,224.21516393442624,93.14052755963135
6.560899744932729,9.08090882235068,224.06274509803922,93.07721172237038
6.602688915282619,9.134918172751222,224.09270833333332,93.08965865724184
6.6444780856325085,9.188860376351343,223.397,92.80065661091615
6.686267255982399,9.242735176508612,222.41533864541833,92.39286770473237
6.728056426332289,9.296542319128571,222.1657196969697,92.28917426964345
6.7698455966821784,9.35028155266396,222.0859375,92.25603219403523
6.811634767032069,9.403952628113732,221.42168674698794,91.98009784382545
6.853423937381959,9.457555299021863,220.74807692307692,91.70027567092919
6.895213107731848,9.511089321475986,220.21802325581396,91.48008771692342
6.937002278081739,9.564554454105838,219.7888888888889,91.30182233724081
6.978791448431629,9.6179504580815,219.1147859922179,91.02179533851482
7.020580618781519,9.671277097111467,218.05859375,90.5830457868862
7.062369789131409,9.724534137440532,217.9662408759124,90.54468176518836
7.104158959481299,9.777721347847477,217.73513011152417,90.44867675757824
7.145948129831189,9.830838499642592,217.31296296296296,90.27330560852056
7.1877373001810785,9.883885366665014,216.83646616541353,90.07536554806502
7.229526470530969,9.936861725279883,216.16276978417267,89.79550741865616
7.271315640880859,9.989767354375319,215.72021660649818,89.61166777231607
7.313104811230748,10.042602035359243,215.29074074074074,89.43326053166005
7.354893981580639,10.095365552156002,214.90377697841726,89.27251311236503
7.396683151930529,10.148057691202826,214.11531365313652,88.94498000180545
7.438472322280418,10.200678241446148,213.87065972222223,88.84334906928939
7.480261492630309,10.253226994337709,213.16549295774647,88.5504179253459
7.522050662980199,10.305703743830522,212.71660649819495,88.36394738997554
7.563839833330088,10.358108286374684,211.92307692307693,88.03430972424533
7.6056290036799785,10.410440420913007,211.2833904109589,87.76857952934701
7.647418174029869,10.46269994887648,211.08843537414967,87.68759386066971
7.689207344379758,10.514886674179609,210.9551971326165,87.6322457749749
7.730996514729648,10.567000403215568,210.2585616438356,87.34285858187324
7.772785685079539,10.619040944851205,209.53416666666666,87.04193990558426
7.814574855429429,10.671008110421901,209.37286689419795,86.97493486614198
7.856364025779318,10.722901713726266,208.85135135135135,86.75829370798425
7.898153196129209,10.774721571020708,208.63698630136986,86.66924498578693
7.939942366479099,10.826467501013829,207.9479865771812,86.38302974203054
7.981731536828988,10.878139324860685,206.8485342019544,85.92630963238949
8.023520707178879,10.929736866156917,206.6232993197279,85.83274550680902
8.065309877528769,10.98125995093272,206.43830128205127,85.75589604433583
8.107099047878659,11.032708407646686,205.5351170568562,85.38070707967327
8.14888821822855,11.084082067179496,205.23798076923077,85.25727461372892
8.190677388578438,11.135380762827495,205.26041666666666,85.26659464046922
8.232466558928328,11.186604330296124,204.68055555555554,85.02571633031177
8.274255729278218,11.237752607693198,204.41984126984127,84.91741381549674
8.316044899628109,11.288825435522106,204.2069805194805,84.8289899897508
8.357834069977999,11.33982265667483,203.8070987654321,84.66287634747978
8.39962324032789,11.390744116424862,203.6326860841424,84.59042411515367
8.441412410677778,11.441589662420004,203.1241935483871,84.37919280408038
8.483201581027668,11.492359144675026,202.54819277108433,84.1399181032469
8.524990751377558,11.543052415564215,202.1711356466877,83.98328596976332
8.566779921727449,11.593669329813812,201.8068181818182,83.83194597882918
8.608569092077339,11.644209744494306,201.32911392405063,83.63350433106014
8.650358262427229,11.694673519012653,200.82208588957056,83.42288138393063
8.69214743277712,11.745060515104338,200.37915407854985,83.2388844506836
8.733936603127008,11.795370596825364,199.72315950920245,82.96637977618649
8.775725773476898,11.845603630544115,199.1265243902439,82.71853342732555
8.817514943826788,11.8957594849331,198.5059347181009,82.46073619163829
8.859304114176679,11.945838030960616,198.01047904191617,82.254920482065
8.901093284526569,11.99583914188229,197.72470238095238,82.13620688348706
8.94288245487646,12.045762693232525,197.11532738095238,81.88306830005811
8.984671625226348,12.095608562815851,197.23187311178248,81.93148220152604
9.026460795576238,12.145376630698173,196.6943641618497,81.70819727161202
9.068249965926128,12.195066779197912,195.9127906976744,81.38352625693798
9.110039136276018,12.244678892877078,196.08038348082596,81.45314545647831
9.151828306625909,12.294212858532227,195.9277456647399,81.38973865353807
9.193617476975799,12.34366856518534,195.51806358381504,81.21955388780016
9.235406647325688,12.393045904074597,195.25143266475644,81.10879356263281
9.277195817675578,12.44234476864511,195.3068820224719,81.13182760876883
9.318984988025468,12.491565054539501,195.17877906976744,81.0786127575185
9.360774158375358,12.540706659588444,194.51536312849163,80.80302519386927
9.402563328725249,12.589769483801131,194.20558739255014,80.67434221380464
9.444352499075139,12.638753429355626,193.60533707865167,80.42499408799863
9.48614166942503,12.687658400589159,193.5819209039548,80.41526684731416
9.527930839774918,12.736484303988352,192.93388429752065,80.14606796557001
9.569720010124808,12.78523104817936,192.5,79.9658294319143
9.611509180474698,12.833898543917929,192.57785714285714,79.99817182674947
9.653298350824588,12.882486704079412,192.40069444444444,79.92457721831848
9.695087521174479,12.930995443648682,191.80371900826447,79.67658949933349
9.736876691524369,12.979424679710014,191.2649456521739,79.45277932636935
9.778665861874257,13.027774331436868,190.57208994708995,79.16496228151911
9.820455032224148,13.076044320081635,190.22506925207756,79.02080748823751
9.862244202574038,13.124234568965296,189.85135135135135,78.86556249132778
9.904033372923928,13.172345003467044,189.2,78.59498664165292
9.945822543273819,13.22037555101383,188.5137741046832,78.30992366556634
9.987611713623709,13.268326141069863,187.87955729166666,78.04646562144929
10.029400883973597,13.316196705126053,187.79098360655738,78.00967150095263
10.071190054323488,13.36398717668939,186.99170918367346,77.67764738578575
10.112979224673378,13.411697491272287,186.41343669250645,77.4374289993243
10.154768395023268,13.459327586381859,186.41732804232805,77.43904549291439
10.196557565373158,13.506877401509156,186.04188144329896,77.28308238279101
10.238346735723049,13.554346878118363,185.36394101876675,77.00146124848897
10.280135906072939,13.601735959635926,185.00433168316832,76.85207704696903
10.321925076422827,13.649044591439669,184.70790155440415,76.72893792429247
10.363714246772718,13.696272720847844,184.2990837696335,76.55911219314598
10.405503417122608,13.74342029710813,183.81074168797954,76.35625151986822
10.447292587472498,13.790487271386642,183.4903350515464,76.22315239032088
10.489081757822388,13.83747359675683,183.165,76.08800596309914
10.530870928172279,13.884379228188417,183.06708860759494,76.04733289450432
10.572660098522167,13.931204122536245,182.56658291457288,75.83941937306065
10.614449268872058,13.977948238529123,182.12933168316832,75.65778219181706
10.656238439221948,14.024611536758611,181.61206896551724,75.44290768661615
10.698027609571838,14.071193979667806,181.55075187969925,75.417436145703
10.739816779921728,14.117695531540082,181.35866834170855,75.33764331746589
10.781605950271619,14.164116158487804,181.15277777777777,75.25211495530002
10.823395120621509,14.210455828441026,181.19753086419752,75.27070569646985
10.865184290971397,14.256714511136133,181.02743902439025,75.20004837153589
10.906973461321288,14.30289217810452,180.41158536585365,74.94421850860832
10.948762631671178,14.348988802661173,180.01885644768856,74.78107620376171
10.990551802021068,14.395004359893294,180.05132850241546,74.79456531955182
11.032340972370958,14.44093882664887,179.87560975609756,74.72157053879313
11.074130142720849,14.48679218152525,179.69483568075117,74.6464757394432
11.115919313070737,14.532564404857666,179.35011990407673,74.50327842515729
11.157708483420627,14.578255478707796,179.11057692307693,74.40377061653265
11.199497653770518,14.623865386852255,178.7196261682243,74.24136697300631
11.241286824120408,14.669394114771116,178.6390214797136,74.2078832287317
11.283075994470298,14.714841649636393,178.3809241706161,74.10066782407651
11.324865164820189,14.76020798030054,177.83159722222223,73.87247361598497
11.366654335170079,14.805493097284915,177.57233796296296,73.764775529208
11.408443505519967,14.850696992768237,177.16334894613584,73.59487866708267
11.450232675869858,14.895819660575079,176.9845971563981,73.52062393914076
11.492021846219748,14.9408610961643,176.74773755656108,73.42223082558294
11.533811016569638,14.985821296617498,176.288283062645,73.23137025575323
11.575600186919528,15.030700260627482,175.87045454545455,73.05780140413016
11.617389357269419,15.075497988486688,175.5610599078341,72.92927673494
11.659178527619307,15.120214482075653,175.32723112128147,72.83214264215175
11.700967697969197,15.16484974485146,174.8878923766816,72.64963829351016
11.742756868319088,15.20940378183618,174.95355504587155,72.67691501976725
11.784546038668978,15.25387659960532,174.4757882882883,72.47844740914314
11.826335209018868,15.29826820627631,174.15349887133183,72.34456615956366
11.868124379368759,15.342578611496942,174.2373348017621,72.37939218404705
11.909913549718647,15.386807826433829,173.85833333333332,72.2219523566246
11.951702720068537,15.430955863760923,173.44387755102042,72.04978456236223
11.993491890418428,15.475022737647958,173.29405286343612,71.98754635242948
12.035281060768318,15.519008463748966,173.35232300884957,72.011752173256
12.077070231118208,15.562913059190771,173.15775109170306,71.93092565513247
12.118859401468098,15.60673654256152,173.06774193548387,71.8935352300232
12.160648571817989,15.650478933899192,172.8909817351598,71.82010782207793
12.202437742167877,15.694140254680152,172.66596638655463,71.72663489227989
12.244226912517767,15.737720527807705,172.70642701525054,71.74344251686692
12.286016082867658,15.781219777600665,172.6650432900433,71.72625143161403
12.327805253217548,15.824638029781937,172.43152173913043,71.62924496663236
12.369594423567438,15.86797531146713,172.3352754237288,71.58926358252401
12.411383593917328,15.91123165115317,172.32241014799155,71.58391925813335
12.453172764267217,15.954407078706947,171.97871179039302,71.44114458675801
12.494961934617107,15.997501625353971,171.57425213675214,71.27312925338067
12.536751104966998,16.04051532366705,171.4708067940552,71.23015734361637
12.578540275316888,16.083448207554998,171.32574152542372,71.16989622918582
12.620329445666778,16.12630031225135,171.02920081967213,71.04671117206503
12.662118616016668,16.169071674303115,171.10867237687367,71.07972420576824
12.703907786366557,16.21176233155955,170.89978902953587,70.99295262070652
12.745696956716447,16.254372323160943,170.6841836734694,70.90338866679578
12.787486127066337,16.296901689527427,170.57700421940928,70.8588655813829
12.829275297416228,16.339350472347867,170.5077319587629,70.83008940590648
12.871064467766118,16.38171871456867,170.39398734177215,70.7828391064723
12.912853638116008,16.424006460382735,170.11808300395256,70.66822653910812
12.954642808465898,16.466213755218366,170.00987525987526,70.62327629492059
12.996431978815787,16.508340645728204,169.74591836734695,70.51362677884111
13.038221149165677,16.550387179778262,169.44886363636363,70.39022819208914
13.080010319515567,16.592353406436906,169.10416666666666,70.24703869035156
13.121799489865458,16.634239375963904,168.74753451676528,70.09889123233104
13.163588660215348,16.676045139799527,168.45394736842104,69.97693310335494
13.205377830565238,16.71777075055363,168.1133130081301,69.83543123762158
13.247167000915127,16.759416261994826,168.14729458917836,69.84954742107057
13.288956171265017,16.800981729039638,167.94940476190476,69.76734262016629
13.330745341614907,16.842467207741738,167.5035140562249,69.58211654164333
13.372534511964798,16.883872755281168,167.31338028169014,69.50313365861116
13.414323682314688,16.92519842995362,167.07589285714286,69.40447974233285
13.456112852664578,16.966444291159785,167.0885214007782,69.40972572657347
13.497902023014468,17.007610399394668,166.9,69.33141263473506
13.539691193364357,17.048696816237,166.62675350701403,69.2179041544702
13.581480363714247,17.089703604338673,166.57848837209303,69.19785448409824
13.623269534064137,17.13063082741417,166.3968023255814,69.12238084562807
13.665058704414028,17.171478550230105,166.27639155470249,69.07236137983136
13.706847874763918,17.21224683859475,166.11586538461538,69.00567770016099
13.748637045113808,17.25293575934763,166.07923228346456,68.99046005694963
13.790426215463697,17.293545380349105,165.81704980842912,68.88154764615108
13.832215385813587,17.334075770470093,165.6418128654971,68.80875300984628
13.874004556163477,17.374526999581725,165.5532945736434,68.77198190009057
13.915793726513368,17.414899138545103,165.46666666666667,68.735996069268
13.957582896863258,17.455192259201088,165.44267822736032,68.72603110591261
13.999372067213148,17.495406434360127,165.24198113207547,68.64266014648909
14.041161237563038,17.53554173779213,165.0905172413793,68.5797410002631
14.082950407912927,17.575598244216366,164.77509652509653,68.44871305637966
14.124739578262817,17.615576029291425,164.6583484573503,68.4002151027594
14.166528748612707,17.655475169605236,164.4297169811321,68.30524000857741
14.208317918962598,17.695295742665074,164.52711397058823,68.34569939063472
14.250107089312488,17.735037826887677,164.40207156308853,68.293755910999
14.291896259662378,17.774701501589373,164.2997159090909,68.25123666544593
14.333685430012267,17.814286846976245,163.95143884892087,68.10655996940123
14.375474600362157,17.853793944134367,163.92979127134726,68.09756741617593
14.417263770712047,17.893222875020065,163.8912454873646,68.08155523130698
14.459052941061938,17.932573722450233,163.65799256505576,67.98466035650259
14.500842111411828,17.97184657009268,163.56432481751824,67.94575012729295
14.542631281761718,18.011041502456564,163.5756880733945,67.95047050226017
14.584420452111607,18.050158604882817,163.3828996282528,67.87038485072436
14.626209622461497,18.089197963534662,163.22077338129498,67.80303648807154
14.667998792811387,18.128159665388157,163.09245960502693,67.74973405925692
14.709787963161277,18.167043798222778,162.67446043165467,67.57609431587736
14.751577133511168,18.20585045061208,162.68548387096774,67.58067352869742
14.793366303861058,18.24457971191437,162.746336996337,67.60595233723599
14.835155474210948,18.283231672263454,162.54920913884007,67.52406406383923
14.876944644560837,18.32180642255943,162.39454545454547,67.45981570125423
14.918733814910727,18.36030405445951,162.06228222996515,67.32179126310727
14.960522985260617,18.398724660368913,161.62746858168762,67.14116667072895
15.002312155610507,18.43706833343178,161.6771582733813,67.16180811182245
15.044101325960398,18.475335167522196,161.84126297577853,67.22997833852828
15.085890496310288,18.513525257235177,161.5552064631957,67.1111484876551
15.127679666660176,18.551638697877777,161.43185763888889,67.05990853417383
15.169468837010067,18.589675585460203,161.196875,66.96229512315642
15.211258007359957,18.627636016687013,161.08347602739727,66.91518840678809
15.253047177709847,18.66552008894833,160.94627383015597,66.8581936665165
15.294836348059738,18.703327900311127,160.81684027777777,66.80442607497238
15.336625518409628,18.741059549510556,160.63505244755245,66.72891015484461
15.378414688759516,18.77871513594133,160.4848877374784,66.66653069722138
15.420203859109407,18.816294759649157,160.36352040816325,66.61611387044411
15.461993029459297,18.853798521322208,160.31163793103448,66.59456153113719
15.503782199809187,18.891226522282665,160.0916955017301,66.50319592705097
15.545571370159077,18.928578864478293,159.86320754716982,66.40828045275687
15.587360540508968,18.965855650474065,159.61732081911262,66.30613740779378
15.629149710858858,19.003056983443866,159.49625,66.2558437534024
15.670938881208746,19.040182967162206,159.49699828473413,66.25615459604872
15.712728051558637,19.077233705996026,159.3575085324232,66.19820958960302
15.754517221908527,19.114209304896512,159.39333333333335,66.2130914593122
15.796306392258417,19.151109869390993,159.3811544991511,66.20803228748416
15.838095562608308,19.187935505574885,159.08583333333334,66.08535383567418
15.879884732958198,19.224686320103668,158.90325342465752,66.00950888068787
15.921673903308086,19.261362420184927,158.63073770491803,65.89630396867643
15.963463073657977,19.29796391357046,158.51818181818183,65.84954747599953
16.005252244007867,19.334490908548386,158.4475,65.82018576058827
16.047041414357757,19.370943513935377,158.47971854304635,65.83356956587548
16.088830584707647,19.407321839068874,158.37396351575455,65.78963819717947
16.130619755057538,19.443625993799394,158.06128246753246,65.65974833032898
16.172408925407428,19.479856088482876,157.95541666666668,65.61577094552531
16.214198095757318,19.516012233973072,157.8468137254902,65.57065653373351
16.25598726610721,19.55209454161401,157.67439024390245,65.49903062870128
16.2977764364571,19.58810312323247,157.5764802631579,65.45835814651998
16.339565606806985,19.62403809113056,157.45940514469453,65.40972433377316
16.381354777156876,19.659899558078298,157.2388429752066,65.31810128533469
16.423143947506766,19.69568763730627,157.05868167202573,65.24326103577421
16.464933117856656,19.73140244249834,156.96993670886076,65.20639576519036
16.506722288206547,19.767044087784388,156.78483606557376,65.129503679638
16.548511458556437,19.80261268773314,156.60925039872407,65.05656418100949
16.590300628906327,19.838108357344996,156.55409836065573,65.03365364350822
16.632089799256217,19.87353121204495,156.2239906832298,64.89652463453571
16.673878969606108,19.908881367675537,156.2696,64.91547105970636
16.715668139955998,19.944158940489864,156.27884615384616,64.91931197586929
16.757457310305888,19.97936404714463,156.18671875,64.88104161606687
16.79924648065578,20.014496804693277,155.98595505617976,64.7976429911518
16.84103565100567,20.0495573305791,155.85747663551402,64.74427216791732
16.882824821355555,20.08454574262848,155.78065286624204,64.71235904360604
16.924613991705446,20.11946215904417,155.46558544303798,64.58147786010741
16.966403162055336,20.15430669839854,155.25230414746545,64.49287933697613
17.008192332405226,20.189079479626983,155.11031746031745,64.43389708655494
17.049981502755116,20.22378062202131,154.98576923076922,64.38215889185311
17.091770673105007,20.258410245223196,154.82131537242472,64.31384362335547
17.133559843454897,20.292968469217705,154.80959752321982,64.30897594787065
17.175349013804787,20.32745541432682,154.75267584097858,64.28533028795854
17.217138184154678,20.36187120120308,154.50309597523218,64.18165308809404
17.258927354504568,20.396215950823205,154.39335394126738,64.13606548929123
17.300716524854458,20.43048978448182,154.07275541795664,64.00288664860973
17.34250569520435,20.464692823785203,153.94664179104478,63.9504981770322
17.38429486555424,20.498825190645064,153.7550231839258,63.87089848429008
17.426084035904125,20.53288700727242,153.69538461538463,63.84612421104578
17.467873206254016,20.566878396171504,153.57368827160494,63.79557070938774
17.509662376603906,20.600799480133652,153.45478325859492,63.746176745808725
17.551451546953796,20.634650382231374,153.28765060240963,63.676748686187864
17.593240717303686,20.668431225812338,153.29947129909365,63.681659085225796
17.635029887653577,20.70214213449348,153.10404191616766,63.600476369895695
17.676819058003467,20.73578323215516,152.88199697428138,63.50823736756273
17.718608228353357,20.769354642935312,152.73390718562874,63.44671984662763
17.760397398703248,20.8028564912237,152.61941964285714,63.399160930693334
17.802186569053138,20.836288901656193,152.55128205128204,63.37085610458531
17.843975739403028,20.86965199910909,152.34918879056048,63.28690516839725
17.88576490975292,20.9029459086935,152.09977744807122,63.18329797425761
17.927554080102805,20.936170755749743,152.03731343283582,63.1573499909436
17.969343250452695,20.96932666584185,151.79172932330826,63.05533265580766
18.011132420802586,21.002413764752045,151.53992537313434,62.95073155591212
18.052921591152476,21.035432178475318,151.53892857142858,62.950317477599505
18.094710761502366,21.068382033214032,151.49296296296296,62.93122304639797
18.136499931852256,21.10126345537257,151.481884057971,62.926620792751834
18.178289102202147,21.134076571552036,151.5330118694362,62.947859638730286
18.220078272552037,21.166821508544995,151.4831871345029,62.92716209974242
18.261867442901927,21.199498393330252,151.29712230215827,62.849869483396716
18.303656613251817,21.232107353067704,151.26020408163265,62.83453339962798
18.345445783601708,21.264648515093207,151.01392857142858,62.732228851876094
18.387234953951598,21.297122006913487,150.9321480406386,62.69825665459816
18.42902412430149,21.329527956201126,150.8168352601156,62.65035492920272
18.470813294651375,21.361866490789563,150.819725433526,62.651555527197345
18.512602465001265,21.394137738668153,150.63436123348018,62.574553958347224
18.554391635351156,21.426341827977264,150.5911312849162,62.55659593916169
18.596180805701046,21.45847888700342,150.46228448275863,62.503072087711395
18.637969976050936,21.490549044174475,150.30347025495752,62.437099560689546
18.679759146400826,21.522552428054876,149.99179743223965,62.30762851767646
18.721548316750717,21.55448916734089,149.7734604105572,62.21692981100356
18.763337487100607,21.586359390855964,149.58092286501378,62.13694838489362
18.805126657450497,21.618163227546052,149.43583450210377,62.076677676940285
18.846915827800387,21.649900806475028,149.35323033707866,62.042363336312945
18.888704998150278,21.68157225682013,149.32507082152975,62.03066567908038
18.930494168500168,21.71317770786743,149.08156779661016,61.92951284086284
18.97228333885006,21.744717289007394,149.02538247566065,61.906173070516736
19.014072509199945,21.776191129730403,148.84765625,61.832344368975136
19.055861679549835,21.80759935962242,148.58447802197801,61.72301831550916
19.097650849899726,21.838942108360584,148.41701244813277,61.653451959593184
19.139440020249616,21.870219505708935,148.21796657381614,61.57076692876342
19.181229190599506,21.90143168151414,148.27735457063713,61.595437112784666
19.223018360949396,21.93257876570127,148.1678420310296,61.54994484752279
19.264807531299287,21.963660888269608,148.06369209809264,61.50668024610678
19.306596701649177,21.994678179288496,147.94131944444445,61.45584580065866
19.348385871999067,22.025630768893247,147.8216711956522,61.406143091802825
19.390175042348957,22.056518787281057,147.6409465020576,61.33106880597363
19.431964212698848,22.087342364707006,147.45787671232875,61.2550203510147
19.473753383048738,22.118101631480034,147.25404312668465,61.170346471834904
19.515542553398628,22.148796717959023,147.0752427184466,61.096071547432196
19.557331723748515,22.179427754548865,147.00135501355012,61.065378084539375
19.599120894098405,22.20999487169661,146.66158536585365,60.92423542638957
19.640910064448295,22.240498199887607,146.52446380697052,60.86727418384886
19.682699234798186,22.27093786964175,146.55316285329744,60.879195965892684
19.724488405148076,22.301314011509664,146.5221994535519,60.866333555800836
19.766277575497966,22.331626756069042,146.32162162162163,60.78301213919845
19.808066745847857,22.361876233920924,146.18079470198674,60.72451166421171
19.849855916197747,22.392062575686065,146.07029177718832,60.678607986101795
19.891645086547637,22.422185912001332,145.77608401084012,60.55639204812079
19.933434256897527,22.452246373516132,145.6662143826323,60.510751445788244
19.975223427247418,22.482244090888866,145.49151436031332,60.438179850014166
20.017012597597308,22.51217919478344,145.4351604278075,60.4147700372631
20.058801767947195,22.542051815865808,145.41315789473686,60.40563003307299
20.100590938297085,22.57186208480053,145.22211155378486,60.32626806364879
20.142380108646975,22.601610132247394,144.80071989528795,60.151219058519466
20.184169278996865,22.631296088858072,144.81839005235602,60.15855936379811
20.225958449346756,22.660920085272764,144.70872483221476,60.113003673988096
20.267747619696646,22.690482252116947,144.76679586563307,60.13712678231674
20.309536790046536,22.719982719998107,144.76675603217157,60.13711023522173
20.351325960396426,22.74942161950254,144.3633207070707,59.96952041499407
20.393115130746317,22.778799081192158,144.26293661060802,59.92782016805687
20.434904301096207,22.808115235601328,144.3184840425532,59.95089495490522
20.476693471446097,22.8373702132338,144.12239583333334,59.86943855858271
20.518482641795988,22.86656414455958,143.82757496740547,59.74696793480215
20.560271812145878,22.895697160011917,143.66098971722366,59.6777672714156
20.602060982495765,22.924769389984284,143.67467948717947,59.68345409639871
20.643850152845655,22.953780964827384,143.56364229765012,59.63732848102986
20.685639323195545,22.982732014846217,143.3387703889586,59.543915137162564
20.727428493545435,23.01162267029716,142.9309554973822,59.374506014775065
20.769217663895326,23.040453061385094,142.92203282828282,59.370799476409985
20.811006834245216,23.069223318260516,142.75160462130938,59.30000242223219
20.852796004595106,23.097933571016785,142.55850383631713,59.219787022565384
20.894585174944996,23.126583949687284,142.42430904522612,59.164041579578196
20.936374345294887,23.155174584242673,142.36545924967658,59.139594968082
20.978163515644777,23.18370560458819,142.35537974683544,59.13540787299133
21.019952685994667,23.212177140560925,142.16943734015345,59.058166113111376
21.061741856344558,23.24058932192719,142.15492518703243,59.052137664481954
21.103531026694448,23.268942278379853,142.08426966292134,59.022786871809274
21.145320197044335,23.297236139535762,141.99303797468355,58.9848885984565
21.187109367394225,23.325471034933177,141.95513613861385,58.96914391399777
21.228898537744115,23.3536470940292,141.81305170239597,58.91012105793787
21.270687708094005,23.38176444619729,141.6923558897243,58.859983183811906
21.312476878443896,23.40982322072478,141.544283919598,58.79847306481572
21.354266048793786,23.437823546810396,141.43935643564356,58.75488546333717
21.396055219143676,23.465765553561877,141.39907975460122,58.738154251875784
21.437844389493566,23.493649369993534,141.25467581047383,58.67816785621144
21.479633559843457,23.521475125023933,141.25061728395062,58.67648191626495
21.521422730193347,23.549242947473505,141.1276529338327,58.62540167601698
21.563211900543237,23.57695296606228,140.93841911764707,58.54679264189827
21.605001070893127,23.604605309407575,140.90847665847667,58.53435433757207
21.646790241243018,23.63220010602176,140.85970333745365,58.514093563183735
21.688579411592904,23.65973748431002,140.7890243902439,58.48473304039411
21.730368581942795,23.687217572568162,140.60621921182266,58.40879450679981
21.772157752292685,23.714640498980447,140.5859375,58.400369343640335
21.813946922642575,23.742006391617426,140.61621454993835,58.41294663928227
21.855736092992466,23.769315378433838,140.5502421307506,58.38554124073693
21.897525263342356,23.796567587266534,140.4640243902439,58.34972579589868
21.939314433692246,23.823763145832363,140.4108643457383,58.32764274628035
21.981103604042136,23.850902181726195,140.34093673965936,58.298594335785324
22.022892774392027,23.87798482241885,140.00273722627736,58.15810392227333
22.064681944741917,23.90501119525515,140.01588729016785,58.16356654962962
22.106471115091807,23.931981427451944,140.02406738868834,58.16696461904793
22.148260285441697,23.958895646096167,139.8444976076555,58.09237009187288
22.190049455791588,23.985753978142935,139.82523696682463,58.08436908865505
22.231838626141474,24.012556550413645,139.74694749694748,58.05184710219006
22.273627796491365,24.039303489594147,139.63644366197184,58.00594304598624
22.315416966841255,24.065994922232868,139.56189903846155,57.974976694564475
22.357206137191145,24.092630974739013,139.50119331742243,57.94975911880263
22.398995307541036,24.119211773380787,139.3617269544924,57.891823828467295
22.440784477890926,24.145737444283615,139.22360436893203,57.83444675253163
22.482573648240816,24.172208113428407,139.19741379310344,57.823567006456656
22.524362818590706,24.198623906649846,139.0813325330132,57.775346049341756
22.566151988940597,24.224984949634678,139.07382352941175,57.77222675738749
22.607941159290487,24.251291367920064,139.0593675417661,57.76622164028441
22.649730329640377,24.277543286891902,138.88885647607935,57.69539016602487
22.691519499990267,24.303740831783234,138.86197916666666,57.684225146076386
22.733308670340158,24.329884127672617,138.8954383886256,57.698124337952194
22.775097840690044,24.35597329948256,138.7901270207852,57.65437726845627
22.816887011039935,24.38200847197795,138.68569780853517,57.61099665248486
22.858676181389825,24.407989769764544,138.7695035460993,57.64581013464314
22.900465351739715,24.43391731728741,138.64502288329518,57.59410000763345
22.942254522089605,24.459791238829478,138.71298472385428,57.622331825555676
22.984043692439496,24.485611658510052,138.66837899543378,57.603802297916396
23.025832862789386,24.51137870028334,138.44688221709006,57.511791006504694
23.067622033139276,24.537092487937066,138.4410046728972,57.50934943405584
23.109411203489167,24.562753145091033,138.4917707150965,57.530437998582805
23.151200373839057,24.588360795195744,138.25762910798122,57.43317395797245
23.192989544188947,24.61391556153103,138.18219866071428,57.40183962924454
23.234778714538837,24.63941756720472,138.2024221453287,57.41024060441959
23.276567884888724,24.664866935151295,138.2377283105023,57.424907029262016
23.318357055238614,24.690263788130597,138.30316091954023,57.452088186943115
23.360146225588505,24.71560824872654,138.12428243398392,57.3777808286832
23.401935395938395,24.740900439345843,138.15805555555556,57.39181041662596
23.443724566288285,24.766140482216763,138.20833333333334,57.41269615274022
23.485513736638175,24.79132849938792,138.22539592760182,57.419784072236
23.527302906988066,24.81646461272703,138.1861761426979,57.403491902729584
23.569092077337956,24.841548943919758,138.04299544419135,57.34401365174405
23.610881247687846,24.866581614468522,138.0423206278027,57.343733328355825
23.652670418037737,24.891562745691346,138.10192525481312,57.36849350205384
23.694459588387627,24.916492458720754,137.93988764044943,57.30118195799274
23.736248758737517,24.941370874502613,137.7901884700665,57.23899588877228
23.778037929087407,24.966198113795066,137.77055555555555,57.230840240496775
23.819827099437294,24.990974297167444,137.67897406989854,57.192796658880305
23.861616269787184,25.015699544999208,137.53118040089086,57.131402148090785
23.903405440137075,25.0403739774789,137.62165178571428,57.16898458615446
23.945194610486965,25.06499771460312,137.56825749167592,57.146804227662464
23.986983780836855,25.089570876175536,137.57003348214286,57.14754198636767
24.028772951186745,25.11409358180585,137.35716312056738,57.05911416805674
24.070562121536636,25.138565950908877,137.30525133389497,57.03754965336296
24.112351291886526,25.162988102703554,137.32255319148936,57.04473696449672
24.154140462236416,25.187360156211998,137.27496423462088,57.02496818315757
24.195929632586306,25.211682230258614,137.18559635639056,56.98784414935363
24.237718802936197,25.235954443469144,137.1315263908702,56.965383112261726
24.279507973286087,25.260176914269813,137.09704277921333,56.95105838183081
24.321297143635977,25.284349760886446,137.06182873730043,56.9364302256271
24.363086313985864,25.30847310134358,136.95186380980334,56.89075003531164
24.404875484335754,25.332547053463685,136.85358879039177,56.849925913547054
24.446664654685645,25.35657173486625,136.85219668315392,56.849347622586365
24.488453825035535,25.380547262967056,136.7914637639645,56.824118748525045
24.530242995385425,25.404473754977325,136.8264195351574,56.83863961728803
24.572032165735315,25.428351327902956,136.69217340704103,56.78287284854595
24.613821336085206,25.452180098543767,136.52256395515954,56.71241591088779
24.655610506435096,25.475960183492724,136.4843889384478,56.696557745303735
24.697399676784986,25.49969169913523,136.4966695626991,56.701659201429436
24.739188847134876,25.52337476164838,136.49400409476456,56.70055194764133
24.780978017484767,25.547009487000278,136.37338686550044,56.65044671760556
24.822767187834657,25.570595990949315,136.19900497512438,56.57800727603763
24.864556358184547,25.594134389043514,136.0493900624814,56.51585620806423
24.906345528534434,25.61762479661986,135.89432314410482,56.451440339256784
24.948134698884324,25.641067328803647,135.85816824576514,56.4364213447957
24.989923869234214,25.664462100507848,135.78351422704606,56.4054095498487
25.031713039584105,25.687809226432467,135.75934098264196,56.395367817179434
25.073502209933995,25.71110882106397,135.72836178496556,56.38249884451798
25.115291380283885,25.734360998674664,135.54871505224511,56.307872351080455
25.157080550633776,25.75756587332211,135.58715596330276,56.32384097101212
25.198869720983666,25.780723558848578,135.51369661266568,56.29332544943693
25.240658891333556,25.803834168880464,135.55400291120816,56.3100689642124
25.282448061683446,25.826897816827756,135.55117175912193,56.30889288408345
25.324237232033337,25.849914615883517,135.36696198913975,56.23237087345443
25.366026402383227,25.872884679023347,135.38821796759942,56.24120075370334
25.407815572733114,25.895808119004887,135.21722403077834,56.17016869143981
25.449604743083004,25.918685048367323,135.20357675111774,56.16449951721878
25.491393913432894,25.941515579430916,135.2080136402387,56.16634263160141
25.533183083782784,25.96429982429651,135.20551158018176,56.165303258574184
25.574972254132675,25.9870378948451,135.02339354456618,56.08965016884685
25.616761424482565,26.00972990273737,134.95287187039764,56.0603549783647
25.658550594832455,26.032375959413276,134.93777388255916,56.05408316994777
25.700339765182346,26.0549761760916,134.89222254587824,56.03516083010662
25.742128935532236,26.077530663769565,134.92741698501322,56.04978084318102
25.783918105882126,26.100039533222425,134.74817198011115,55.97532123025363
25.825707276232016,26.122502895003088,134.64646464646464,55.9330713014518
25.867496446581907,26.144920859441704,134.60850310008857,55.917301812919426
25.909285616931797,26.167293536645364,134.4438939084815,55.84892201791176
25.951074787281684,26.189621036497673,134.47607726597326,55.86229120687661
25.992863957631574,26.211903468658484,134.44283646888567,55.84848275020084
26.034653127981464,26.23414094256348,134.45345783484098,55.852894938971296
26.076442298331354,26.25633356742393,134.5075421472937,55.87536193587799
26.118231468681245,26.278481452226334,134.46980641433112,55.85968625179708
26.160020639031135,26.300584705732117,134.48817518248174,55.86731676494413
26.201809809381025,26.32264343647738,134.4960652870883,55.87059436888786
26.243598979730915,26.344657752772576,134.43348017621145,55.84459608160809
26.285388150080806,26.366627762702258,134.2979842243646,55.78831012745692
26.327177320430696,26.38855357412482,134.2542815674891,55.77015574197418
26.368966490780586,26.410435294672236,134.24186455584874,55.76499762958515
26.410755661130477,26.43227303174984,134.24223962866262,55.765153437422356
26.452544831480367,26.454066892536062,134.23017978190393,55.76014369379181
26.494334001830254,26.47581698398224,134.1369099970683,55.72139878103691
26.536123172180144,26.497523412812377,134.12353445810695,55.71584248977902
26.577912342530034,26.519186285522967,134.09798186604272,55.70522776656577
26.619701512879924,26.54080570838277,133.9764192139738,55.654729801367665
26.661490683229815,26.562381787432667,134.02865583456426,55.67642925431435
26.703279853579705,26.58391462848543,133.98387561186294,55.65782724054574
26.745069023929595,26.605404337125616,134.01189440092836,55.66946643902519
26.786858194279485,26.626851018709353,133.94936334024283,55.64349060456817
26.828647364629376,26.648254778364237,133.96168144123536,55.648607628791005
26.870436534979266,26.669615720989153,134.05922017003812,55.68912589035177
26.912225705329156,26.690933951254163,133.87532318299338,55.61273381191507
26.954014875679047,26.71220957360039,133.71599184386832,55.54654647327803
26.995804046028937,26.73344269223988,133.71814671814673,55.54744162293513
27.037593216378824,26.75463341115551,133.66002844950214,55.52329889276728
27.079382386728714,26.775781834100876,133.57715780296425,55.48887385387917
27.121171557078604,26.796888064600232,133.5661573940617,55.48430420805068
27.162960727428494,26.81795220594835,133.57221101181898,55.486818922674196
27.204749897778385,26.83897436121052,133.60152358628773,55.498995568545254
27.246539068128275,26.859954633222408,133.56110008505811,55.48220336696412
27.288328238478165,26.880893124590052,133.4803196211897,55.448646604391996
27.330117408828055,26.901789937689774,133.39569770733087,55.41349407696428
27.371906579177946,26.92264517466815,133.48635162899913,55.45115234209392
27.413695749527836,26.94345893744199,133.48650217706822,55.45121488080154
27.455484919877726,26.96423132769826,133.47246790299573,55.445384946429165
27.497274090227616,26.98496244689411,133.49425964085958,55.4544373848346
27.539063260577507,27.00565239625683,133.33067502136143,55.38648320415681
27.580852430927393,27.026301276783848,133.35503297963865,55.39660166824463
27.622641601277284,27.04690918924273,133.3485763589301,55.393919543411975
27.664430771627174,27.067476234171185,133.30738060781476,55.37680654389505
27.706219941977064,27.08800251187707,133.31084617621403,55.3782461649418
27.748009112326955,27.108488122438423,133.1991366906475,55.33184127315614
27.789798282676845,27.128933165703476,133.0373965172709,55.26465328813526
27.831587453026735,27.149337741290694,132.92965398913356,55.219896297862036
27.873376623376625,27.169701948588806,133.0950071326676,55.288585135638
27.915165793726516,27.190025886756864,133.01566579634465,55.25562619658708
27.956954964076406,27.210309654724284,132.95570162903687,55.23071666736651
27.998744134426296,27.230553351190895,132.89377713458757,55.20499280471306
28.040533304776186,27.250757074627032,132.89227233553578,55.204367700794585
28.082322475126077,27.27092092327357,132.9142037302726,55.21347815362954
28.124111645475963,27.29104499514203,132.9269197830431,55.218760489769245
28.165900815825854,27.311129388014646,132.9294050668944,55.21979289384479
28.207689986175744,27.33117419944445,132.93917555491495,55.2238516220449
28.249479156525634,27.351179526755377,132.77977720651242,55.1576364472912
28.291268326875525,27.37114546704236,132.82791749081662,55.17763425385469
28.333057497225415,27.39107211717143,132.74096214062055,55.14151240085744
28.374846667575305,27.410959573779827,132.84961329132054,55.186646839218255
28.416635837925195,27.430807933276142,132.8682634730539,55.19439425351106
28.458425008275086,27.450617291840388,132.8342573679603,55.18026788260426
28.500214178624976,27.470387745424173,132.86291000841044,55.19217038732639
28.542003348974866,27.490119389750816,132.89163120567375,55.204101371022176
28.583792519324756,27.509812320315483,132.91177313090805,55.212468465867445
28.625581689674643,27.52946663238533,132.8418525840158,55.18342298780734
28.667370860024533,27.54908242099965,132.70680330202106,55.1273225833975
28.709160030374424,27.56865978097004,132.54344708918842,55.05946328442598
28.750949200724314,27.58819880688054,132.6688293370945,55.1115479361135
28.792738371074204,27.60769959308781,132.56369882622388,55.067875995851836
28.834527541424094,27.62716223372128,132.51489835700363,55.04760394391488
28.876316711773985,27.646586822683346,132.52661542840877,55.05247129629631
28.918105882123875,27.665973453649542,132.47410133031417,55.0306565772781
28.959895052473765,27.685322220068702,132.47045645477456,55.02914247080694
29.001684222823656,27.704633215163174,132.33025137243573,54.970900311327476
29.043473393173546,27.723906531929,132.31648413367031,54.96518130526585
29.085262563523436,27.743142263136097,132.38251210481346,54.99260978047711
29.127051733873326,27.762340501328488,132.37054698457223,54.98763938689611
29.168840904223213,27.781501338824473,132.44541117036206,55.01873848669574
29.210630074573103,27.800624867716877,132.52780153977758,55.052964015150366
29.252419244922994,27.81971117987322,132.40016802016243,54.9999441696473
29.294208415272884,27.83876036693596,132.41351888667992,55.005490211801614
29.335997585622774,27.857772520322733,132.24416315049226,54.93513866939487
29.377786755972664,27.876747731226516,132.11941127464593,54.883315878614404
29.419575926322555,27.89568609061593,132.06173541963017,54.85935693012334
29.461365096672445,27.914587689235415,132.0290909090909,54.84579617499777
29.503154267022335,27.933452617605518,132.06372688477953,54.86018419849972
29.544943437372226,27.952280966023093,131.85369201207797,54.772934261849294
29.586732607722116,27.971072824561553,132.06685314685313,54.86148286935549
29.628521778072006,27.989828283071155,132.15493355951372,54.898072081070346
29.670310948421896,28.0085474311792,132.11815885489756,54.88279561480154
29.712100118771783,28.027230358290325,132.09901823281908,54.87484446820233
29.753889289121673,28.045877153586755,131.9683421271869,54.82056071145527
29.795678459471564,28.064487906028557,131.93540197461212,54.80687714458641
29.837467629821454,28.083062704353928,131.93923270792496,54.80846845766014
29.879256800171344,28.101601637079426,131.97074247860888,54.82155783401312
29.921045970521234,28.120104792500292,131.98923817615406,54.829241074507266
29.962835140871125,28.138572258690694,131.86180422264874,54.776304130144446
30.004624311221015,28.157004123504016,131.75756718528996,54.73300334495006
30.046413481570905,28.175400474573145,131.67695301640256,54.699515662461515
30.088202651920795,28.193761399310752,131.65715868180558,54.69129295916749
30.129991822270686,28.212086984909593,131.66369958275382,54.69401009459376
30.171780992620576,28.230377318342782,131.63456721402727,54.681908307432536
30.213570162970466,28.248632486364105,131.68453550378894,54.70266548008753
30.255359333320353,28.266852575508317,131.59820700896495,54.66680402714099
30.297148503670243,28.285037672091427,131.6873082287308,54.703817289177216
30.338937674020134,28.303187862211033,131.71111727197118,54.71370773016784
30.380726844370024,28.321303231746594,131.71865443425077,54.71683871943148
30.422516014719914,28.33938386635977,131.66509564735236,54.69459002946942
30.464305185069804,28.357429851494718,131.6747480250613,54.698599693830374
30.506094355419695,28.37544127237842,131.70254403131116,54.71014634678968
30.547883525769585,28.39341821402099,131.6638002773925,54.69405192384208
30.589672696119475,28.411360761216,131.78616874135545,54.74488462886601
30.631461866469365,28.429268998540802,131.7799069258144,54.74228342744528
30.673251036819256,28.447143010356868,131.7329498767461,54.72277714497036
30.715040207169146,28.464982880810094,131.76406381192277,54.73570208851994
30.756829377519033,28.482788693831157,131.69737931034481,54.70800088603197
30.798618547868923,28.50056053313583,131.61976457705995,54.67575918980724
30.840407718218813,28.51829848222532,131.62537764350452,54.678090896372936
30.882196888568703,28.536002624386626,131.59503681483503,54.66548710660562
30.923986058918594,28.553673042692854,131.52694777994972,54.63720245128187
30.965775229268484,28.57130982000357,131.54026393751684,54.642734075098495
31.007564399618374,28.58891303896516,131.73357360687552,54.723036246773695
31.049353569968265,28.60648278201115,131.78331970564187,54.74370111975475
31.091142740318155,28.62401913136258,131.77987247019684,54.74226911434379
31.132931910668045,28.64152216902834,131.78044739022369,54.74250794009342
31.174721081017935,28.658991976805538,131.90432679387263,54.79396829989768
31.216510251367826,28.67642863627983,131.91366510860598,54.797847500329624
31.258299421717716,28.693832228825816,131.87863945578232,54.78329760225461
31.300088592067603,28.711202835607363,131.91470349309503,54.7982788524176
31.341877762417493,28.728540537578006,131.91637059305822,54.79897137725553
31.383666932767383,28.74584541548126,131.75893100627215,54.73356988560481
31.425456103117273,28.76311754985103,131.83144515059408,54.763692761948946
31.467245273467164,28.78035702101197,131.85294917097036,54.77262568052302
31.509034443817054,28.797563909079827,131.84974372808202,54.77129411740997
31.550823614166944,28.81473829396184,131.85442176870748,54.773237407793
31.592612784516835,28.83188025535711,131.79956367602946,54.750448977236886
31.634401954866725,28.84898987275695,131.85238226383916,54.77239018338559
31.676191125216615,28.8660672254453,131.86798418972333,54.77887133114695
31.717980295566505,28.883112392499054,131.82708618331054,54.76188201683573
31.759769465916396,28.900125452788497,131.7777164920022,54.741373506112254
31.801558636266286,28.917106484977634,131.80400890868597,54.752295557581796
31.843347806616173,28.934055567524613,131.64281674208144,54.68533521835863
31.885136976966063,28.950972778682075,131.6580427446569,54.69166020498138
31.926926147315953,28.96785819649757,131.55466970387243,54.648718329930844
31.968715317665843,28.984711898813906,131.41892655367232,54.59232968787654
32.010504488015734,29.001533963269594,131.43839132915002,54.60041549003645
32.05229365836563,29.01832446729917,131.35874568469507,54.5673301392859
32.094082828715514,29.035083488133637,131.3771726535342,54.5749848294009
32.1358719990654,29.05181110280083,131.38195664909196,54.576972134194534
32.177661169415295,29.068507388125827,131.40414507772022,54.5861893606831
32.21945033976518,29.08517242073134,131.34624145785878,54.562135797102165
32.261239510115075,29.10180627703808,131.23507246376812,54.51595542920828
32.30302868046496,29.118409033265213,131.29007633587787,54.53880441754711
32.344817850814856,29.13498076543071,131.2452718676123,54.52019233200367
32.38660702116474,29.15152154935175,131.19156976744185,54.49788410871865
32.428396191514636,29.168031460645153,131.22843822843822,54.51319952203529
32.47018536186452,29.184510574727753,131.2982971227246,54.542219389177134
32.51197453221442,29.200958966816806,131.32534451767526,54.55345506383274
32.553763702564304,29.2173767119304,131.15389082462252,54.48223201565546
32.5955528729142,29.233763884887857,131.18260609683205,54.494160538042976
32.637342043264084,29.25012056031013,131.25313059033988,54.52345689969814
32.67913121361397,29.26644681262023,131.29321533923303,54.54010838121924
32.720920383963865,29.282742716043614,131.34223013048637,54.560469464008875
32.76270955431375,29.299008344608595,131.33778966131908,54.55862486245029
32.804498724663645,29.315243772146776,131.3770294648226,54.57492534782122
32.84628789501353,29.331449072293417,131.31488203266787,54.549108875305286
32.888077065363426,29.34762431848789,131.40011890606422,54.58451686117189
32.92986623571331,29.36376958397406,131.36612999403698,54.5703976323836
32.971655406063206,29.379884941800718,131.3053097345133,54.54513247654425
33.01344457641309,29.39597046482197,131.3116962645438,54.547785485225184
33.05523374676299,29.412026225697694,131.29788519637464,54.54204827212655
33.097022917112874,29.428052296893892,131.21148126115406,54.50615548071826
33.13881208746277,29.444048750683177,131.1969790382244,54.50013115715892
33.180601257812654,29.46001565914513,131.13222156045265,54.47323045366832
33.22239042816254,29.475953094166755,131.16687230104873,54.487624610614795
33.264179598512435,29.49186112744287,131.09241706161137,54.45669538995423
33.30596876886232,29.50773983047654,131.12272174969624,54.46928416667309
33.347757939212215,29.523589274579514,130.95392278953923,54.39916391287465
33.3895471095621,29.539409530872582,130.91766109785203,54.38410055571947
33.431336279911996,29.55520067028608,130.9041897720271,54.37850447393694
33.47312545026188,29.570962763560246,131.03399518652228,54.432426539572575
33.514914620611776,29.586695881245657,131.18482252141982,54.495081256123676
33.55670379096166,29.602400093703665,131.26190476190476,54.52710175116186
33.59849296131156,29.618075471106817,131.13173834039975,54.473029720721165
33.64028213166144,29.63372208343925,131.1611111111111,54.485231372527124
33.68207130201134,29.64934000049715,131.1077770973668,54.46307605488558
33.723860472361224,29.664929291889145,131.02060270602706,54.426863210684516
33.76564964271111,29.680490027036765,131.07204700061843,54.44823352593926
33.807438813061005,29.696022275174816,131.12143290831816,54.468748773063716
33.84922798341089,29.711526105351847,131.12092731829574,54.46853874747673
33.891017153760785,29.727001586430564,131.064447159438,54.445076499427344
33.93280632411067,29.742448787088232,131.13429106808246,54.474090141430054
33.974595494460566,29.757867775817147,131.20884146341464,54.5050588905065
34.01638466481045,29.773258620924995,131.05860579888957,54.44264995791428
34.058173835160346,29.78862139053535,131.0814465408805,54.45213815987867
34.09996300551023,29.80395615258805,131.09802102659245,54.45902331570913
34.14175217586013,29.819262974839646,131.1176104542626,54.46716089925063
34.18354134621001,29.834541924863807,131.10458715596332,54.4617509311964
34.22533051655991,29.84979307005179,131.2137020741672,54.507078021781176
34.267119686909794,29.86501647761281,131.11879602945885,54.4676533953749
34.30890885725968,29.880212214574502,131.18100415733932,54.49349508131448
34.350698027609575,29.895380347783362,131.08325203252033,54.452888173574834
34.39248719795946,29.91052094390512,131.03725684141114,54.433781453538856
34.434276368309355,29.925634069425232,131.01032301032302,54.42259295409605
34.47606553865924,29.94071979064927,131.13120213120214,54.47280697571735
34.517854709009136,29.95577817370334,131.11424775821985,54.46576401209122
34.55964387935902,29.97080928453454,131.01549053356283,54.4247395789375
34.601433049708916,29.98581318891137,130.91342576936083,54.38234117101446
34.6432222200588,30.000789952424174,130.82531559194814,54.345739594816024
34.6850113904087,30.015739640485542,130.7595406957109,54.31841624866844
34.72680056075858,30.030662318330762,130.7818873142067,54.327699188320466
34.76858973110848,30.045558051018247,130.81805507145347,54.34272352446037
34.810378901458364,30.060426903429935,130.8148794970311,54.34140436891435
34.85216807180825,30.075268940271755,130.86912634876435,54.36393888576069
34.893957242158145,30.09008422607403,130.81212758499825,54.34026120565082
34.93574641250803,30.10487282519191,130.85623003194888,54.35858166669178
34.977535582857925,30.119634801805812,130.82719141323793,54.34651882393449
35.01932475320781,30.134370219921816,130.74604847207587,54.312811485791265
35.061113923557706,30.149079143372138,130.65939177101967,54.27681369370924
35.10290309390759,30.163761635815508,130.70268336314848,54.29479732005733
35.144692264257486,30.178417760737638,130.86766314254467,54.36333105979193
35.18648143460737,30.193047581451633,130.71129556116927,54.29837488659221
35.22827060495727,30.20765116109841,130.68568353067815,54.287735472245934
35.27005977530715,30.222228562647135,130.65388868411353,54.27452767340333
35.31184894565704,30.23677984889565,130.53262850893182,54.22415535919313
35.353638116006934,30.2513050824709,130.6060606060606,54.25465955947275
35.39542728635682,30.26580432582934,130.5066811123149,54.21337663144211
35.437216456706714,30.280277641257392,130.55811362792426,54.234742053626384
35.4790056270566,30.29472509087186,130.5872597059932,54.24684953574312
35.520794797406495,30.309146736620338,130.52143123369362,54.21950393372923
35.56258396775638,30.32354264028165,130.4445697106351,54.1875751262343
35.604373138106276,30.337912863466283,130.2955135335558,54.12565616087276
35.64616230845616,30.352257467616806,130.19328048320122,54.08318784571973
35.687951478806056,30.366576514008262,130.19847036328872,54.0853437577501
35.72974064915594,30.380870063748663,130.24006058311247,54.10262062229276
35.77152981950584,30.39513817777936,130.10465563678338,54.04637247246217
35.81331898985572,30.409380916875445,130.05293005671078,54.02488530927593
35.85510816020561,30.423598341646265,130.07859078590786,54.03554495340098
35.896897330555504,30.43779051253575,130.04655636783377,54.02223763489883
35.93868650090539,30.45195748982288,129.84426543920216,53.93820458609583
35.980475671255284,30.46609933362212,129.7745212973818,53.909232387920845
36.02226484160517,30.480216103883805,129.81722933643772,53.92697360229237
36.064054011955065,30.4943078603946,129.83419483101392,53.9340211859054
36.10584318230495,30.508374662777882,129.88239845261123,53.95404530321787
36.147632352654846,30.522416570494194,129.78926752839797,53.9153580741245
36.18942152300473,30.536433642841654,129.79049504950495,53.91586799486977
36.231210693354626,30.550425938956373,129.94230003979308,53.978928836221954
36.27299986370451,30.564393517812864,129.84551560647967,53.93872391421672
36.31478903405441,30.578336438224493,129.85821782178218,53.94400050217667
36.35657820440429,30.592254758843872,129.79911964785916,53.91945071258879
36.39836737475418,30.60614853816327,129.8193059433586,53.92783623914863
36.440156545104074,30.62001783451507,129.83447442609747,53.934137331634034
36.48194571545396,30.63386270607214,129.81267662494955,53.92508237449852
36.523734885803854,30.64768321084829,129.88711656441717,53.956005239446
36.56552405615374,30.661479406698657,129.89881680946553,53.96086560204262
36.607313226503635,30.67525135132014,129.78580072609924,53.91391794050738
36.64910239685352,30.688999102251817,129.83271983640083,53.9334084629566
36.690891567203415,30.70272271687534,129.673568818514,53.86729603100724
36.7326807375533,30.71642225241538,129.66848053578903,53.865182323222896
36.774469907903196,30.73009776594002,129.70622649394065,53.880862254917936
36.81625907825308,30.743749314361164,129.62606232294618,53.847561504661854
36.85804824860298,30.757376954434985,129.49937317175093,53.79493395632237
36.89983741895286,30.77098074276229,129.50061804697157,53.7954510860863
36.94162658930275,30.784560735788965,129.6204844878878,53.84524443345731
36.983415759652644,30.79811698980638,129.3921568627451,53.75039556111052
37.02520493000253,30.811649560951793,129.33511733223548,53.72670094621385
37.066994100352424,30.82515850520877,129.45931984502798,53.778295527787776
37.10878327070231,30.838643878407588,129.41024573094543,53.7579098018852
37.150572441052205,30.852105736225656,129.5074246924056,53.798278613607245
37.19236161140209,30.865544134187896,129.31643430502746,53.71893988768404
37.234150781751985,30.878959127667184,129.20170575692964,53.67128085647281
37.27593995210187,30.89235077188475,129.18294299602297,53.66348667601394
37.317729122451766,30.905719121910572,129.2071398920714,53.673538233739606
37.35951829280165,30.919064232663782,129.15089402529438,53.6501733122386
37.40130746315155,30.932386158913097,129.08774193548388,53.62393949799416
37.44309663350143,30.945684955277205,129.1732181425486,53.65944690471947
37.48488580385132,30.958960676225164,129.1463632307006,53.64829118887404
37.526674974201214,30.972213376076823,129.00713985720284,53.590456838027
37.5684641445511,30.985443109003217,129.1586946803755,53.653413758231714
37.610253314900994,30.998649929026964,128.9879049676026,53.582466532048215
37.65204248525088,31.01183389002269,129.1054945054945,53.6313140381783
37.693831655600775,31.024995045717397,129.1394422310757,53.64541615783247
37.73562082595066,31.038133449690896,129.0547112462006,53.61021832155133
37.777409996300555,31.051249155376194,129.1762835074966,53.660720278488725
37.81919916665044,31.064342216059877,129.1186365648517,53.63677334039618
37.860988337000336,31.07741268488255,129.17271534761696,53.6592380402325
37.90277750735022,31.090460614839188,129.02431337235478,53.597590834823805
37.94456667770012,31.10348605877958,128.9281570727354,53.55764684389306
37.98635584805,31.116489069408686,129.09178522257918,53.625619107377055
38.02814501839989,31.129469699287068,129.01430487259722,53.59343323490442
38.069934188749784,31.14242800083125,128.9905617977528,53.58357019764105
38.11172335909967,31.15536402631414,128.85052248977738,53.52539690197702
38.153512529449564,31.168277827865428,128.86802721088435,53.53266848401491
38.19530169979945,31.181169457471956,128.77283263792305,53.493124000979755
38.237090870149345,31.19403896697813,128.46547884187083,53.365447111471376
38.27888004049923,31.206886408086298,128.71435250116878,53.46883094830003
38.320669210849125,31.21971183235716,128.65153599266392,53.44273653684753
38.36245838119901,31.23251529121014,128.68948093706936,53.458499128806636
38.404247551548906,31.24529683592381,128.78882272102612,53.499766391930514
38.44603672189879,31.258056517636216,128.7737598516458,53.49350917196365
38.487825892248686,31.270794387345333,128.95631751996243,53.56934488815116
38.52961506259857,31.28351049590942,128.7473143390939,53.482523523413185
38.57140423294846,31.296204894047417,128.89574567554934,53.54418292566433
38.613193403298354,31.308877632339325,128.98041958041958,53.57935705051726
38.65498257364824,31.32152876122659,129.05516265912306,53.61040584159683
38.696771743998134,31.33415833101251,129.14715561824167,53.64862035213095
38.73856091434802,31.346766391862587,128.98334126606377,53.580570738911426
38.780350084697915,31.359352993804944,129.10336652441916,53.630430060143475
38.8221392550478,31.371918186730667,128.94023529411766,53.56266422046914
38.863928425397695,31.384462020394242,129.02888781896968,53.599491091539406
38.90571759574758,31.396984544413886,129.20170859041292,53.67128203352134
38.947506766097476,31.409485808271956,129.23328523328524,53.684399189043205
38.98929593644736,31.421965861315307,129.2655721873491,53.69781141273956
39.031085106797256,31.43442475275572,129.25895843287148,53.695064013454044
39.07287427714714,31.446862531670217,129.34410181106216,53.73043316076652
39.11466344749703,31.459279247001472,129.244614648157,53.68910550622347
39.156452617846924,31.471674947558196,129.5017131669114,53.79590600647236
39.19824178819681,31.48404968201549,129.48253812100344,53.78794055997665
39.240030958546704,31.496403498915242,129.20915662650603,53.67437599915159
39.28182012889659,31.508736446666482,129.1801488833747,53.66232598232331
39.323609299246485,31.521048573545787,129.20360448124697,53.67206959966708
39.36539846959637,31.533339927697607,129.39652605459057,53.75221055357737
39.407187639946265,31.545610557134676,129.4633185622846,53.77995662255187
39.44897681029615,31.557860509738372,129.41678939617083,53.76062808561129
39.490765980646046,31.570089833259093,129.58663987945755,53.83118514937978
39.53255515099593,31.58229857531661,129.54238968765495,53.81280331410696
39.574344321345826,31.594486783400455,129.49467815509377,53.79298361397854
39.61613349169571,31.606654504870292,129.5977988994497,53.83582068335028
39.6579226620456,31.618801786956244,129.48192174343734,53.7876845124789
39.699711832395494,31.63092867675934,129.74528782475804,53.89708860150249
39.74150100274538,31.643035221251775,129.78267401101652,53.91261908146849
39.783290173095274,31.65512146727739,129.69201725997843,53.87495964099907
39.82507934344516,31.66718746155194,129.58199356913184,53.82925503998241
39.866868513795055,31.67923325066352,129.48401323042998,53.788553330619735
39.90865768414494,31.691258881072883,129.58695652173913,53.831316684770314
39.950446854494835,31.70326439911385,129.30997757847533,53.716257718883234
39.99223602484472,31.715249850993622,129.50756693830036,53.798337703534294
40.034025195194616,31.72721528279319,129.51040462427747,53.79951649788664
40.0758143655445,31.73916074046765,129.5442054958184,53.813557613358284
40.11760353589439,31.75108626984658,129.38794153471378,53.74864448473466
40.15939270624428,31.762991916634427,129.29811097992916,53.71132825189476
40.20118187659417,31.774877726410796,129.38729763387298,53.748377003878524
40.242971046944064,31.786743744630886,129.20689655172413,53.6734371484788
40.28476021729395,31.79859001662578,129.4462915601023,53.7728834882545
40.326549387643844,31.810416587602848,129.34804539722572,53.732071353693826
40.36833855799373,31.822223502646068,129.38040712468194,53.74551463877375
40.410127728343625,31.834010806716392,129.45526315789473,53.77661035193657
40.45191689869351,31.84577854465211,129.16558861578267,53.65627754661033
40.493706069043405,31.85752676116917,129.4850948509485,53.78900264325296
40.53549523939329,31.86925550086157,129.32781456953643,53.72366732815477
40.577284409743186,31.880964808201668,129.62298387096774,53.8462826944498
40.61907358009307,31.892654727540574,129.5628453038674,53.82130071835096
40.66086275044296,31.904325303108447,129.6326388888889,53.85029345557315
40.70265192079285,31.915976579014895,129.80540166204986,53.92206030466807
40.74444109114274,31.927608599249286,129.66900420757364,53.86539986009876
40.78623026149263,31.939221407681103,129.8595988538682,53.94457419244279
40.82801943184252,31.950815048060296,129.6842485549133,53.87173246726326
40.869808602192414,31.962389564017613,129.6384839650146,53.852721540562676
40.9115977725423,31.973944999064965,129.81112737920938,53.92443880711875
40.953386942892195,31.985481396595755,129.52144970414201,53.804104700341234
40.99517611324208,31.996998799885205,129.89285714285714,53.95838991537521
41.036965283591975,32.00849725209073,129.8038632986627,53.9214212578929
41.07875445394186,32.01997679625225,130.0710973724884,54.03243213771597
41.120543624291756,32.03143747529255,130.2046875,54.087926399276384
41.16233279464164,32.0428793320176,129.94126738794435,53.978499865512354
41.20412196499153,32.0543024091169,130.26731078904993,54.11394054603292
41.24591113534142,32.06570674916384,130.10445468509985,54.04628899574504
41.28770030569131,32.07709239461598,130.10993485342019,54.048565495512115
41.3294894760412,32.08845938781544,129.99838187702267,54.002225618716125
41.37127864639109,32.09980777098922,130.04,54.01951407442148
41.413067816740984,32.11113758624952,130.32190635451505,54.13661992097174
41.45485698709087,32.122448875594074,129.8735632183908,53.95037508590534
41.496646157440765,32.133741680906496,130.1875,54.080786593077114
41.53843532779065,32.1450160439566,130.0220713073005,54.01206637165606
41.580224498140545,32.15627200640074,130.105719237435,54.04681429951823
41.62201366849043,32.16750960978214,130.40770609318997,54.17226172496229
41.663802838840326,32.17872889553118,129.92967409948542,53.97368393342165
41.70559200919021,32.1899299049658,130.31329690346084,54.13304349554575
41.7473811795401,32.201112679291775,129.93133802816902,53.97437514088813
41.78917034988999,32.212277259603056,130.24358974358975,54.10408665992791
41.83095952023988,32.223423686882064,130.34920634920636,54.147960527304086
41.87274869058977,32.23455200200008,130.33912248628886,54.143771621007595
41.91453786093966,32.24566224571752,130.66346153846155,54.27850430321097
41.956327031289554,32.25675445868425,130.38047445255475,54.16094951337691
41.99811620163944,32.267828681439944,130.62172647914645,54.261167271343325
42.039905371989335,32.2788849544144,130.52135922330098,54.21947402011481
42.08169454233922,32.28992331792783,130.45043310875843,54.190010822308174
42.123483712689115,32.30094381219119,130.5886454183267,54.24742517021637
42.165272883039,32.31194647730654,130.5755258126195,54.241975195399775
42.207062053388896,32.32293135326729,130.8030612244898,54.33649497688206
42.24885122373878,32.333898479958584,130.92015968063873,54.38513848426463
42.29064039408867,32.344847897157585,130.87624750499003,54.36689706323654
42.33242956443856,32.355779644533776,131.03970741901776,54.434799440400674
42.37421873478845,32.36669376164931,131.01114488348531,54.422934365883634
42.41600790513834,32.377590287959286,130.984126984127,54.41171094390079
42.45779707548823,32.38846926281211,130.84789311408016,54.35511845343319
42.499586245838124,32.39933072544975,130.92727272727274,54.38809329296009
42.54137541618801,32.4101747150081,131.1,54.459845394929694
42.583164586537904,32.42100127051724,131.01965065502182,54.42646772212195
42.62495375688779,32.431810430901805,131.06277533039648,54.44438201009761
42.666742927237685,32.44260223498123,131.00647948164146,54.42099632573778
42.70853209758757,32.45337672147011,131.20380739081747,54.50296770198363
42.750321267937466,32.46413392897848,131.07709497206704,54.45033048814102
42.79211043828735,32.474873896012106,131.21362586605082,54.50704636440332
42.83389960863724,32.48559666097285,131.13797035347775,54.47561854199292
42.87568877898713,32.49630226215892,131.06067415730337,54.44350916828375
42.91747794933702,32.506990737765186,131.03823178016725,54.4341864498312
42.95926711968691,32.51766212588348,131.08372093023254,54.45308295692276
43.0010562900368,32.52831646450292,131.27830188679246,54.53391323008104
43.042845460386694,32.5389537915102,131.15457788347206,54.48251742464648
43.08463463073658,32.549574144689885,131.26724137931035,54.52931861888756
43.126423801086474,32.56017756172469,131.24812967581047,54.52137948526562
43.16821297143636,32.57076408019585,131.48090692124106,54.61807676060968
43.210002141786255,32.58133373758333,131.4235588972431,54.59425399538746
43.25179131213614,32.59188657126617,131.34085213032583,54.559897033225525
43.293580482486036,32.602422618522795,131.46822308690014,54.61280780822813
43.33536965283592,32.612941916531284,131.41655716162944,54.59134542605858
43.37715882318581,32.62344450236965,131.52315394242802,54.635626464974585
43.4189479935357,32.633930413016195,131.3855421686747,54.5784615837913
43.46073716388559,32.64439968534972,131.55307994757536,54.64805793418596
43.50252633423548,32.654852356149895,131.43013698630136,54.596986579011464
43.54431550458537,32.6652884620975,131.59408602150538,54.66509214049017
43.586104674935264,32.67570803977475,131.6153846153846,54.67393972347867
43.62789384528515,32.68611112566555,131.59517045454547,54.66554262146427
43.669683015635044,32.69649775615582,131.78846153846155,54.745837072618265
43.71147218598493,32.70686796753375,131.73475177304965,54.72352566513901
43.753261356334825,32.71722179599012,131.62093352192363,54.676244777576514
43.79505052668471,32.72755927761856,131.6690856313498,54.696247496377325
43.836839697034605,32.73788044841586,131.52279635258358,54.63547791968364
43.87862886738449,32.74818534428222,131.77949438202248,54.74211205390503
43.92041803773438,32.75847400102158,131.77572964669739,54.7405481568512
43.96220720808427,32.76874645434188,131.7548291233284,54.73186593510179
44.00399637843416,32.77900273985532,131.71181102362203,54.713995919394755
44.04578554878405,32.7892428930787,131.79712460063897,54.749435768475074
44.08757471913394,32.79946694943364,131.9926686217009,54.830666105278546
44.129363889483834,32.80967494424692,131.68976897689768,54.70483950096
44.17115305983372,32.81986691275068,131.6421875,54.685073826852374
44.212942230183614,32.830042890082794,131.4915824915825,54.6225114662565
44.2547314005335,32.84020291128707,131.37881219903693,54.57566590792566
44.296520570883395,32.85034701131358,131.12211221122112,54.469030960180966
44.33830974123328,32.8604752250189,130.91493055555554,54.382966269592
44.380098911583175,32.870587587166405,131.08415841584159,54.453264691466096
44.42188808193306,32.88068413242656,131.21391304347827,54.507165659889964
44.46367725228295,32.89076489537714,131.23652173913044,54.5165574682027
44.50546642263284,32.90082991050356,131.42857142857142,54.596336235518486
44.54725559298273,32.910879212199134,131.37732342007436,54.57504745886289
44.58904476333262,32.92091283476532,131.6077057793345,54.67074988195234
44.63083393368251,32.93093081241201,131.4671669793621,54.61236909386321
44.672623104032404,32.940933179257826,131.4470802919708,54.604024945199384
44.71441227438229,32.95091996933033,131.28046421663444,54.53481147683075
44.756201444732184,32.96089121656636,131.40648854961833,54.587162855093915
44.79799061508207,32.97084695481224,131.2688588007737,54.52999050693358
44.839779785431965,32.98078721782408,131.3979797979798,54.58362826090064
44.88156895578185,32.990712039268054,131.61417322834646,54.673436504937015
44.923358126131745,33.00062145272063,131.61885245901638,54.675380289672724
44.96514729648163,33.01051549166885,131.29218106995884,54.53967873861993
45.00693646683152,33.02039418951059,131.41666666666666,54.59139091520729
45.04872563718141,33.030257579554856,131.23593073593074,54.516311961391985
45.0905148075313,33.04010569502201,131.26793248945148,54.52960571081309
45.13230397788119,33.04993856904402,131.41758241758242,54.591771324462016
45.17409314823108,33.05975623466479,131.51339285714286,54.63157164273571
45.215882318580974,33.069558724840334,131.44444444444446,54.602929995933415
45.25767148893086,33.079346072439094,131.65581395348838,54.69073434973764
45.299460659280754,33.089118310242185,131.63302752293578,54.68126870911981
45.34124982963064,33.09887547094363,131.80424528301887,54.752393749112116
45.383038999980535,33.108617587150675,131.992700729927,54.830679443257424
45.42482817033042,33.11834469138397,132.00244498777505,54.83472727526271
45.466617340680315,33.12805681607788,132.18670076726343,54.911268398558356
45.5084065110302,33.13775399358072,132.08521303258146,54.86910969268298
45.55019568138009,33.14743625615503,132.1627906976744,54.90133599052479
45.59198485172998,33.157103635977776,132.11315789473684,54.88071818141346
45.63377402207987,33.166756165140676,132.27466666666666,54.94781004067526
45.67556319242976,33.176393875650405,132.40720221606648,55.00286622320498
45.71735236277965,33.18601679942882,132.38567493112947,54.9939236403717
45.759141533129544,33.195624968313304,132.46742209631728,55.02788197734807
45.80093070347943,33.20521841405694,132.28823529411764,54.95344654222524
45.842719873829324,33.214797168328744,132.3877551020408,54.99478775773423
45.88450904417921,33.22436126271401,132.47878787878787,55.032603401880046
45.926298214529105,33.233910728714456,132.50306748466258,55.04268931783874
45.96808738487899,33.24344559774852,132.48101265822785,55.03352759062404
46.00987655522888,33.252965901151605,132.50809061488673,55.044775960824296
46.05166572557877,33.262471670176325,132.46905537459284,55.02856045242339
46.09345489592866,33.27196293599273,132.60535117056855,55.085178667349524
46.13524406627855,33.281439729688564,132.66551724137932,55.11017206867961
46.17703323662844,33.290902082269525,132.53496503496504,55.05593978052333
46.21882240697833,33.30035002465948,132.71841155234657,55.13214473075091
46.26061157732822,33.30978358770071,132.72118959107806,55.1332987472255
46.302400747678114,33.31920280215418,132.76404494382024,55.15110115671966
46.344189918028,33.32860769869974,132.96875,55.23613705077847
46.385979088377894,33.33799830793641,133.07171314741035,55.27890865329063
46.42776825872778,33.34737466038256,133.16666666666666,55.31835300095197
46.469557429077675,33.356736786476205,133.32758620689654,55.385200089296305
46.51134659942756,33.36608471657522,133.2396694214876,55.348678849471824
46.55313576977745,33.37541848095757,133.38695652173914,55.40986292810162
46.59492494012734,33.384738109821555,133.28318584070797,55.36675587054645
46.63671411047723,33.394043633286046,133.40625,55.417877572214636
46.67850328082712,33.40333508139073,133.89719626168224,55.62182003986097
46.72029245117701,33.41261248409629,133.83870967741936,55.59752430884164
46.7620816215269,33.42187587128475,133.7962962962963,55.57990549741039
46.80387079187679,33.43112527275957,134.01435406698565,55.67048820129219
46.845659962226684,33.440360718246005,133.7904761904762,55.57748778525824
46.88744913257657,33.44958223739123,133.9219512195122,55.63210342030474
46.929238302926464,33.45878985976466,133.9950980392157,55.66248911437172
46.97102747327635,33.46798361485811,134.06341463414634,55.69086829970987
47.012816643626245,33.477163532086074,134.10152284263958,55.70669871269859
47.05460581397613,33.486329640785925,134.25628140703517,55.77098648913279
47.09639498432602,33.49548197021815,134.32291666666666,55.798667236176136
47.13818415467591,33.504620549566596,134.39896373056996,55.830257711713216
47.1799733250258,33.51374540793866,134.41666666666666,55.837611633626736
47.22176249537569,33.522856574365534,134.4247311827957,55.840961689321425
47.26355166572558,33.53195407780245,134.52380952380952,55.88211951642743
47.30534083607547,33.54103794712888,134.57222222222222,55.90223048569294
47.34713000642536,33.55010821114875,134.56906077348066,55.900917198052284
47.388919176775254,33.559164898590716,134.3846153846154,55.82429730971201
47.43070834712514,33.568208038108295,134.60115606936415,55.91424980561689
47.472497517475034,33.577237658280204,134.4632768361582,55.85697381992988
47.51428668782492,33.586253787610474,134.53488372093022,55.88671981439133
47.556075858174815,33.59525645452873,134.8095238095238,56.00080720389595
47.5978650285247,33.604245687390396,134.68639053254438,55.94965679026308
47.63965419887459,33.613221514476926,134.70186335403727,55.956084307168695
47.68144336922448,33.62218396399601,134.67469879518072,55.94479996181744
47.72323253957437,33.63113306408176,134.4472049689441,55.85029745529457
47.76502170992426,33.64006884279502,134.40127388535032,55.83121736596324
47.80681088027415,33.648991328123465,134.44585987261146,55.84973869298857
47.84860005062404,33.65790054798191,134.5032679738562,55.87358641471402
47.89038922097393,33.66679653021249,134.41059602649005,55.83508984777269
47.93217839132382,33.67567930258487,134.44736842105263,55.85036535442928
47.97396756167371,33.68454889279645,134.4041095890411,55.83239533686015
48.015756732023604,33.69340532847262,134.54166666666666,55.889537496894214
48.05754590237349,33.702248637166925,134.6083916083916,55.917255498498534
48.099335072723385,33.71107884636131,134.64285714285714,55.931572719539325
48.14112424307327,33.71989598346631,134.5611510791367,55.89763145639635
48.18291341342316,33.72870007582128,134.4855072463768,55.866208485861
48.22470258377305,33.73749115069459,134.46212121212122,55.85649376572401
48.26649175412294,33.746269235283826,134.29007633587787,55.785025135966556
48.30828092447283,33.755034356716045,134.33333333333334,55.802994391448436
48.35007009482272,33.763786542047924,134.12307692307692,55.71565242656775
48.39185926517261,33.772525818266004,134.16260162601625,55.732071261131864
48.4336484355225,33.78125221228688,134.17073170731706,55.735448553051704
48.47543760587239,33.78996575095742,134.125,55.71645128600263
48.51722677622228,33.79866646105497,134.0672268907563,55.69245193743363
48.559015946572174,33.807354369287545,134.16239316239316,55.731984663903155
48.60080511692206,33.81602950229405,134.19130434782608,55.74399456999668
48.642594287271955,33.82469188664448,134.1651376146789,55.73312472833622
48.68438345762184,33.8333415488401,134.3,55.78914749457711
48.72617262797173,33.84197851531369,134.06422018348624,55.69120293046891
48.76796179832162,33.85060281242971,134.28571428571428,55.78321311020367
48.80975096867151,33.85921446648453,134.25,55.76837714927011
48.8515401390214,33.86781350370661,134.1818181818182,55.74005395112421
48.89332930937129,33.87639995025667,134.11111111111111,55.710681745639576
48.93511847972118,33.884973832228,134.3298969072165,55.80156687630705
48.97690765007107,33.89353517564651,134.34736842105264,55.8088246638153
49.01869682042096,33.902084006471064,134.32258064516128,55.79852765052219
49.06048599077085,33.910620350593575,134.34831460674158,55.809217715884984
49.102275161120744,33.919144233839255,134.11494252873564,55.71227334298111
49.14406433147063,33.927655681966804,134.1494252873563,55.726597719054894
49.185853501820525,33.936154720668604,134.02409638554218,55.67453522770238
49.22764267217041,33.94464137557091,133.95180722891567,55.6445058128007
49.2694318425203,33.95311567223403,134.1012658227848,55.706591944875896
49.31122101287019,33.96157763615256,134.0921052631579,55.702786585142775
49.35301018322008,33.97002729275555,134.22368421052633,55.75744538858223
49.39479935356997,33.97846466740668,134.2876712328767,55.78402603956989
49.43658852391986,33.98688978540449,134.125,55.71645128600263
49.47837769426975,33.99530267198255,134.19117647058823,55.74394144890894
49.52016686461964,34.00370335230964,134.0151515151515,55.670819466767576
49.56195603496953,34.01209185148999,133.9848484848485,55.65823137870274
49.60374520531942,34.02046819456339,134.1639344262295,55.73262491554496
49.645534375669314,34.028832406505465,133.75806451612902,55.56402375189487
49.6873235460192,34.03718451222779,134.0677966101695,55.69268860281243
49.729112716369094,34.045524536578135,134.17857142857142,55.738705227402974
49.77090188671898,34.05385250434062,134.26415094339623,55.7742555488853
49.81269105706887,34.062168440235894,134.28846153846155,55.7843543379678
49.85448022741876,34.070472368921365,134.06,55.689449837103545
49.89626939776865,34.07876431499135,134.14583333333334,55.72510559654722
49.93805856811854,34.08704430297727,133.87234042553192,55.61149475386624
49.97984773846843,34.09531235734781,133.83333333333334,55.595290938378525
50.02163690881832,34.103568502509155,133.825,55.59182921416068
50.06342607916821,34.111812762805144,133.7560975609756,55.56320666514007
50.1052152495181,34.120045162517435,133.6216216216216,55.50734443122279
50.14700441986799,34.12826572586572,133.72222222222223,55.549134615474095
50.188793590217884,34.13647447700788,133.8125,55.58663662783394
50.23058276056777,34.1446714400402,133.5,55.45682196966525
50.272371930917664,34.15285663899751,133.56666666666666,55.484515763407906
50.31416110126755,34.161030097853406,133.8846153846154,55.616593856642105
50.35595027161744,34.16919184052036,133.73076923076923,55.55268510185136
50.39773944196733,34.17734189085002,133.86363636363637,55.607879026443364
50.43952861231722,34.18548027263324,133.47368421052633,55.44589020897737
50.48131778266711,34.19360700960039,133.55,55.47759231497225
50.523106953017,34.20172212542144,133.5625,55.482784901298984
50.56489612336689,34.20982564370619,134.2,55.74760680396311
50.60668529371678,34.21791758800441,133.36363636363637,55.40017557337345
50.64847446406667,34.22599798180609,133.0,55.24911851659534
50.69026363441656,34.234066848541474,132.11111111111111,54.87986793335995
50.732052804766454,34.242124211581384,131.5,54.62600815738562
50.77384197511634,34.25017009423731,132.0,54.833711610455524
50.81563114546623,34.25820451976162,133.0,55.24911851659534
